,highway=living_street,highway=motorway,highway=motorway_link,highway=path,highway=primary,highway=residential,highway=secondary,highway=secondary_link,highway=service,highway=tertiary,highway=track,highway=unclassified,surface=bricks,surface=cobblestone,surface=compacted,surface=concrete,surface=concrete:lanes,surface=concrete:plates,surface=dirt,surface=fine_gravel,surface=grass_paver,surface=gravel,surface=ground,surface=missing,surface=paved,surface=paving_stones,surface=sand,surface=sett,surface=unhewn_cobblestone,surface=unpaved,lit=missing,lit=no,lit=yes,cycleway=missing,cycleway=no,cycleway=separate,cycleway=track,sidewalk=left,sidewalk=missing,sidewalk=no,sidewalk=right,sidewalk=separate,oneway=no,oneway=yes,tunnel=missing,tunnel=yes,access=delivery,access=destination,access=missing,access=no,access=permissive,access=private,access=yes,smoothness=excellent,smoothness=good,smoothness=horrible,smoothness=intermediate,smoothness=missing,smoothness=very_bad,road_segment_length_m,maxspeed,lanes,width
highway=living_street,0.43452841778703505,0.3910861248554665,0.39927858509997977,0.4028815806008095,0.4004143683387893,0.4023069689453521,0.39980780717542036,0.4008975028160309,0.39957745468591976,0.40153675636795055,0.3965929715050808,0.4024060674410206,0.0014253799349343756,-0.006753121811635064,-0.003309173268899862,0.001140790369195987,0.0014478799103588335,-0.006253397083161646,-0.0030876913584435644,0.004331831069374653,0.0014760207030015005,-0.004939236413573172,-0.002275140095528574,-0.001916557719255748,0.0010636999108793903,0.0039779056862377276,-0.002907767907960951,-0.00579889047916189,-0.003802556886116546,-0.0026976162870012074,-0.27477121141474753,-0.2791424424800419,-0.2805499713464116,-0.01554433728816907,-0.015140267074699905,-0.01535966246379665,-0.015449340493159377,-0.00035513208324922097,-0.00039287647713017316,-0.002534107586807146,-0.0010604338439193935,0.0003737238850544366,0.00014778201720448098,0.0010580085845785178,-0.06843206427213991,-0.2769904922612402,-0.023896964066114985,-0.02870091171651658,-0.023771073231115807,-0.04075096848458435,-0.02413004286720875,-0.02501591983005222,-0.0284115212920413,-0.014091984782042554,-0.014127686229992706,-0.005522332741832835,-0.014512542457878669,-0.01303022994137234,-0.007522097770826508,-0.00041211858647775823,0.001349129710092597,0.00015810076037897874,-7.907281579601312e-05
highway=motorway,0.3910861248554615,0.46065347212063823,0.4223984321442364,0.4003936815266213,0.41466124445678704,0.39979761238845063,0.4149709257114289,0.4110984004101594,0.395994168741832,0.4109364155311424,0.39818646564104426,0.4032715579330926,-0.0008138471699845212,-0.007916590908159847,-0.009491360420121856,-0.0015682084936474807,0.0015034379018936308,-0.005322242288409828,-0.0034341627344670438,-0.0013805839654472372,-0.001115976650630582,-0.017098451550401874,-0.0018776466918189753,-0.00047046601032498165,0.00016067713270379532,0.010661338221958885,-0.002051216599349589,-0.0053261261311939485,-0.0013959531283368083,-0.002070692104817832,-0.2497945335140203,-0.2539059440500079,-0.25705957625940634,-0.015732212729963325,-0.018783977713162273,-0.01429175325772656,-0.01397095220770726,0.00036805108632119,-0.0011983595960217905,-0.0050360709405695816,0.0019501743456572644,0.0005771931967976798,-0.0030505832739740734,-0.0052686482215752424,-0.09515194606176663,-0.2971831198526125,-0.032873089641523225,-0.024664390552657473,-0.024529304284668527,-0.04725671822492191,-0.03254289318611808,-0.024637533135253735,-0.030503485505209094,-0.011504295078189508,-0.012155399516135099,-0.01242839316388482,-0.011338286808986403,-0.014307799765381242,-0.011671429541891154,-0.001177383083696298,-0.0095136702874422,-0.0020438366040937458,0.0005592132129601559
highway=motorway_link,0.3992785850999746,0.42239843214423484,0.46703763982915886,0.40815263477194397,0.4155299341005744,0.40726862472209907,0.41373873771877423,0.418406227105557,0.40378394195342454,0.4122415539231351,0.4036566266606033,0.40982028777680385,0.0010860546417475682,-0.006549580539560328,-0.005066228107104334,0.0017179069282635007,0.0035732537633162416,-0.005239665368936702,-0.0027997281056468142,0.0029759684510633454,0.005723687701125373,-0.010181660922071473,-0.000977532911802484,-0.0008403384378566425,0.0019691297203164658,0.0123999767255066,-0.0027869157026522663,-0.0038952555551772265,-0.0015821093673141925,-0.0017649327849921068,-0.2595657302843397,-0.2655909176228325,-0.26711268553988937,-0.015459760370579214,-0.017823147754827233,-0.01339795909431353,-0.015207109817531733,0.00011921933880526268,-0.0008754027998699032,-0.0025556520320862823,0.0015027154179282777,0.0012806923756230708,-0.0018000581271633625,-0.005278930892896654,-0.09077799270093066,-0.2890238292659163,-0.033460012742978204,-0.024941824762177038,-0.0242659685526289,-0.04182932139325755,-0.028386679853182474,-0.0244027500627125,-0.03136298614575753,-0.010512019551542701,-0.011498751301751464,-0.006544254139971307,-0.011916268110881109,-0.013343470897241272,-0.009774110777321232,-0.0006064694764558833,-0.003747288266897384,0.00032486362795031967,0.0003701560172372314
highway=path,0.40288158060080476,0.4003936815266119,0.4081526347719662,0.5680459653218118,0.4093332923291742,0.4098526389794884,0.4100437240802314,0.40708562406702903,0.4081431797830225,0.4101291667884269,0.4137741722738893,0.4122371423715135,0.0018695780464386864,-0.007829806927600463,0.0008844663707178334,0.0023117348047166464,0.008568540055999446,-0.001183078405813404,-0.007376653155529529,0.011475525956898273,0.017385811958429687,-0.0057470901045875876,-0.00321318522271964,-0.0026611521601856564,0.005214254697379118,0.012503241241042299,-0.008649524306574646,-0.004710814816151943,-0.0051791556277666,-0.00403950045388775,-0.2682798955576838,-0.28035106853851294,-0.27496659170745785,-0.013492353117205511,-0.015320965146966027,-0.01386982587786172,-0.014582485840518866,6.111548969420149e-05,0.00012702934640028757,0.003068393023481296,-0.001284770407671116,0.001308616217791985,-0.014283298696278018,-0.0006990991005846874,-0.08879841306965104,-0.29249774304573084,-0.029399962481675958,-0.0214658773239803,-0.01918484348044074,-0.03598871360151122,-0.02130015201207017,-0.021612391543426656,-0.02143647372258432,-0.01509263065938613,-0.01383513116466807,-0.00248407816802741,-0.014480741803442665,-0.012711686668796976,-0.007960136530671577,-0.00106068333185041,0.0018353578056133511,-0.00041116711775959986,0.00018659171119788284
highway=primary,0.4004143683387861,0.41466124445678926,0.4155299341005755,0.4093332923291731,0.42592775510389685,0.40810494674892744,0.4122947144084868,0.41521098579010485,0.4042354738481125,0.41192970141227186,0.4039382820402201,0.4104904798605055,0.0015395843996219632,-0.006678545915276987,-0.004097769419733552,0.0017925357985844718,0.003938101011176162,-0.005159039806044878,-0.0024544084568245417,0.003460957360431453,0.004782255837839571,-0.009073741118366589,-0.0016430659360466805,-0.0009479399188237168,0.0011651859306086381,0.012786128267824342,-0.0027084265838713253,-0.00430776873599853,-0.0023581303232073337,-0.0015301255873811964,-0.2621534734042287,-0.2680417160804315,-0.26897433763873224,-0.014663293247229935,-0.016647996034669755,-0.013578793397817557,-0.01391500245341782,8.614417634896747e-05,-0.0007342773662538122,-0.00273510720387417,-0.0021505646621638934,0.0008154424200885917,-0.0009664870463419903,-0.0020527648981527816,-0.09025657047275673,-0.29074572768373086,-0.031183039649640122,-0.024419871112450562,-0.023358238600375482,-0.039523268383107824,-0.02630321702697249,-0.02417924817139903,-0.031751215586238474,-0.012123801248085493,-0.013112691722161469,-0.0059596828333367555,-0.012693809650255168,-0.01279559535610093,-0.009039286963278376,-0.0002334987037483922,-0.0024784465902240294,0.00020802512759248595,0.000371164776559297
highway=residential,0.4023069689453489,0.39979761238845263,0.40726862472209735,0.4098526389794731,0.4081049467489277,0.41182922093587243,0.4076484993722644,0.40766525702136935,0.4056502911849722,0.4098130512834267,0.40501411839453927,0.409362108061782,0.0008304366645832623,-0.006801431118251945,-0.004343679511366782,0.000560418694668692,0.002667406026965415,-0.005937596333625635,-0.0025404370436851622,0.004716903881705693,0.003532676855489395,-0.006550177079591134,-0.0031039363295112298,-0.0020248946401747905,0.0003671726665155555,0.012510691736427633,-0.0037646624299413228,-0.004979987017197291,-0.0036271828777713626,-0.0006767079429761638,-0.2665178538035281,-0.27082895307237714,-0.2731158496037836,-0.01743514239741068,-0.018981138311690796,-0.018644450702636466,-0.016968635387049253,0.0006777411789229038,0.0009363276797390878,-0.0017430983854104668,-0.0008474705469960226,0.0002148243103079423,-0.0006143460278101617,0.0019172224867164554,-0.0862901597037289,-0.2889910456054353,-0.029803797098084252,-0.02280625322981918,-0.02220109323843753,-0.03949568569920652,-0.023489488838378498,-0.02318557612545872,-0.03248436360521542,-0.011703511412277691,-0.012210817199313474,-0.00491673277358893,-0.013629115458027082,-0.012131314829520653,-0.007255628146549603,-0.0004611774918109965,0.0010116167786507599,0.00024045499290058713,0.00026450033025505755
highway=secondary,0.39980780717541786,0.4149709257114313,0.41373873771877584,0.4100437240802119,0.4122947144084875,0.40764849937226477,0.415770085185553,0.41188683694813416,0.4034015780153993,0.41182634870773693,0.40416077063584915,0.40943392553734237,0.001959758418326683,-0.006973236464649144,-0.00461467167680006,0.001614934087367161,0.0028090707950255834,-0.004654553808457437,-0.002563672301853874,0.0038230901182837443,0.003159383005320506,-0.009247241221865201,-0.001890876650952037,-0.0010665057397829707,0.001424540903649844,0.012742606152992119,-0.0027931844178691015,-0.004472787619369378,-0.002569019985398985,-0.0007730929299522101,-0.26565792545210337,-0.2703932769033392,-0.27225491678371927,-0.012436969591470537,-0.015015223265449722,-0.012062962722663767,-0.013339732516336422,0.0005116131109151108,-0.0006727096607774956,-0.002781510559786144,-0.0005477442574233251,0.0006041426335415794,-0.0015420593370698346,-0.0007941322231243309,-0.08960181027854157,-0.2918391368274937,-0.03057699205172646,-0.023773565478214912,-0.022728590496378178,-0.040301296191121924,-0.025730080893422123,-0.023860414043815413,-0.030789336682658076,-0.012432328266372335,-0.01338611687040053,-0.007661265438123531,-0.013416274719508637,-0.012832077868044509,-0.009252246007999941,-0.0010944314446868432,-0.0026957790583503733,-0.00026542673744698675,0.00047338141885987114
highway=secondary_link,0.4008975028160195,0.41109840041017537,0.4184062271055563,0.4070856240670363,0.41521098579009,0.4076652570213553,0.4118868369481294,4.439430578850344,0.40419421020005114,0.41192003963284984,0.40144941662170314,0.4116924788300058,0.00010222542427715133,-0.008078159389347027,-0.005728280672945814,0.002060262681592597,0.0011155658983766873,-0.004325820038340851,-0.0023376704892697124,0.004395103717152008,0.009305233152866946,-0.009548162934897117,-0.001961327616693747,-0.0017261206958844933,-0.0003695349403987574,0.012558948022315558,-0.003536577950413048,-0.004852955131029989,-0.0022099193237371815,-0.003647117748340179,-0.2590209547801284,-0.26203999733574856,-0.26502375156795965,-0.013994716563992742,-0.01627868207484005,-0.013298149666138044,-0.013149516951692135,-0.0003467511455297574,-0.0011286993890916445,-0.0029556956695508054,0.0015714581440071968,0.001095300944590258,-0.0013240026519889148,-0.005377913945711632,-0.09058819125115584,-0.28938972703774885,-0.03297376511352976,-0.027666203227030305,-0.02645072064269992,-0.04006367997712271,-0.02988282297614522,-0.02751952795969021,-0.034871946303002783,-0.01168123967387219,-0.014417851310178666,-0.005090061145364353,-0.012799291968914694,-0.012065607241471375,-0.00963507725842571,5.695500789779816e-05,-0.002857702730950392,0.0029262811525452323,-0.00037877078061209635
highway=service,0.39957745468591666,0.39599416874183485,0.4037839419534272,0.40814317978303966,0.40423547384811276,0.4056502911849723,0.40340157801539867,0.404194210200041,0.4141887802049063,0.40483373683841845,0.4045649991092716,0.40538007357914274,0.0018225999642165073,-0.0055042241523782,-0.004607084505182988,0.0005257905043796512,-0.008142488966785086,-0.009730520222996333,-0.00556164166029412,0.0014926341977443218,-0.005752893120404333,-0.00473674710839091,-0.003819055009436979,-0.004986319098503801,-0.0007927822652401244,0.009558254663661307,-0.0013215258509116847,-0.0054501251552316835,-0.0036631674308109964,-0.01089161830507247,-0.2743513869680818,-0.2776927492941209,-0.27746134021770924,-0.015229954459986964,-0.016298831857973473,-0.015283327725064513,-0.015510653381911859,9.375678276296264e-05,0.0001700577776424643,-0.0022216270127728022,-0.001095404580765669,0.0006609341310605146,-0.0018723474063532357,0.0004717394489991883,-0.08672921317775827,-0.29291487838780766,-0.03164266780943731,-0.022430650358419662,-0.013802441161039136,-0.037281179673848884,-0.023620516106250367,-0.021633355615517987,-0.01932794286779843,-0.011698865270482257,-0.012249600510831484,-0.009318413164135378,-0.013116861116480536,-0.011803809253606449,-0.006441827495764527,-9.63380419927378e-05,0.00116790415070995,0.00023257698441296612,0.0003086113365450299
highway=tertiary,0.40153675636794744,0.4109364155311442,0.4122415539231339,0.4101291667884119,0.411929701412272,0.40981305128342677,0.41182634870773643,0.41192003963285645,0.40483373683841806,0.4187970952694387,0.40424661122360944,0.41049300370998076,0.0014097851106725425,-0.006415904116333539,-0.005057269008747612,0.0016432960750381157,0.002903377728901879,-0.00446367735883452,-0.0018385041009590989,0.004385852066986808,0.004544642321642233,-0.008837250141802096,-0.0014865493162188228,-0.0014291787724710148,0.0012981939435510103,0.013005086118549464,-0.0025531635006065608,-0.0043120859008178745,-0.0007608073684216732,-0.0013327573636157223,-0.2653699727666791,-0.26957396042282444,-0.2726412588995553,-0.016979365803869117,-0.021285549656127632,-0.01607607111207673,-0.015583698153485804,0.0015885816231363727,0.0004807595819891728,-0.002554791946230509,0.00017645892854002956,0.001449976520165143,-0.001922530023649682,0.002012053156396851,-0.0877336355555468,-0.29112184323553597,-0.0298876858653302,-0.022822758223816887,-0.02263068439260885,-0.04046627724990195,-0.025486674177612814,-0.023531584893186106,-0.03083238893058748,-0.012435850655436922,-0.012764555472167271,-0.006721813663410262,-0.013050262881721666,-0.012716595151290741,-0.009564389433792597,-0.0003641708128073017,-0.0021151243926290364,0.000125005088314002,0.00012499727463686632
highway=track,0.39659297150508105,0.39818646564104965,0.4036566266606083,0.41377417227389746,0.40393828204022386,0.4050141183945427,0.4041607706358522,0.40144941662169603,0.4045649991092751,0.4042466112236131,0.9060975492122422,0.4044086241151093,0.0047708606548363935,-0.0019437301611264898,-0.004457513875428474,0.0017802005988956156,0.0035187696163167036,-0.0003977722809307401,-0.189587485252428,-0.3283091370495131,0.0053395810051371125,-0.07579690341149281,-0.05088818999386885,-0.003676092543214338,0.0012282743405333048,0.011779363759251068,-0.14634540663217072,0.0013529445601246008,-0.020383108277704218,-0.003833926491356412,-0.275839837960699,-0.2840987055343019,-0.28033002650817773,-0.014674342702107162,-0.016340015136939393,-0.01614017291674696,-0.016217954693676696,-0.0004289144422663578,2.3105119466112814e-05,0.001728533923825454,-0.0008579909880293559,-2.549622193962236e-05,-0.004897390799252748,-0.00012711574562882476,-0.0903154598308337,-0.29818119573266255,-0.030754770002721598,-0.02245260013111723,-0.01834599929473299,-0.03798852068529158,-0.02217952288755452,-0.0159200191280509,-0.025003527260650346,0.0004573556805128418,-0.0005815532740673877,-0.35221968492200145,-0.005275432457815198,-0.0002104626186880266,-0.0178552248577102,-0.0007015512310124811,0.0006928151177361093,-0.00043532733680986234,0.00045538864683085617
highway=unclassified,0.4024060674410183,0.4032715579330955,0.40982028777680657,0.41223714237151116,0.4104904798605064,0.4093621080617829,0.4094339255373426,0.41169247882998966,0.4053800735791431,0.4104930037099818,0.4044086241151065,0.42760021069614035,0.001524204585062689,-0.012686771053082337,-0.0026224216645051555,0.0015150113325697512,0.004399181605238731,-0.005988423276855515,-0.002719310881475479,0.00428897733617355,0.0049396924293281155,-0.006552160548902917,-0.0020847827335245222,-0.0014852401791669184,0.001210533261450365,0.01275143410336527,-0.003295023053195105,-0.005326070145430177,-0.003973978119109724,-0.0015651120594282262,-0.26612917929994556,-0.27255302656069724,-0.2724266476439852,-0.014441016228402047,-0.01217784351559354,-0.014061868979532398,-0.012649549081708284,-0.006388334574760643,-0.0008767672286795904,-0.00234779241565539,-0.002726963716187782,0.00013192663016988886,0.000393198905424995,0.0003352343347448017,-0.08594322901846034,-0.2890447268661305,-0.0306344488595504,-0.024248859148241108,-0.023019084847329882,-0.03967511226604805,-0.024603447478903574,-0.024088931555246815,-0.03237175672758456,-0.01702927148393524,-0.014017825427089908,-0.004341068912678133,-0.01397158873143875,-0.013057967203552264,-0.008035311152459491,-0.00025309250684799246,-2.5804546821945586e-05,0.000549020999058641,0.00016407850144218715
surface=bricks,0.0014253799349154587,-0.0008138471700246628,0.00108605464172302,0.0018695780463473825,0.0015395843995973887,0.0008304366645554132,0.0019597584183179218,0.00010222542426614463,0.0018225999642912103,0.0014097851106854486,0.0047708606548505506,0.0015242045850289842,4.02032816127574,0.0023508997665210025,0.00824157774033673,0.004382570547931354,0.0005707200290273556,0.0018850139148362994,0.0008377100700191507,0.011255372392858825,0.0004944493027556541,0.0014318474788451913,0.001181874837647827,0.0008957646151897345,0.0015901160452018925,0.0028228047917103756,0.00018601827631023796,0.004174963195346304,0.0017179198661346068,0.0023182385814621976,-0.0018322425627615244,-0.0029012281227822987,-0.003018962853815586,0.0017639078130868805,0.003065427832360059,0.003001528505701013,0.0012823073209942111,-0.0010148106253597643,-0.0014242636082923666,0.0007265989634995102,0.00022807237271419564,0.0011831620507046171,6.422324172046965e-05,0.0005726726068905105,-0.0026470469232255283,-0.006376961014427043,-0.0017118183279831137,-1.85022862844736e-05,0.0009207443255747935,0.0009790424464945573,0.0011004825393244996,-7.444214855659739e-05,0.0002672878349753495,0.0021626729668826816,0.0022678547248784647,-0.0009558453489003664,-0.009889066167047881,0.0019506273401419627,-0.0011741637876164104,8.719896097630041e-05,0.00041368789317367525,5.2616493818759815e-05,0.0013213365804317844
surface=cobblestone,-0.006753121811631057,-0.007916590908156083,-0.006549580539556478,-0.007829806927596559,-0.006678545915273044,-0.0068014311182479645,-0.0069732364646451946,-0.008078159389343672,-0.005504224152374272,-0.006415904116329622,-0.0019437301611225273,-0.01268677105307831,0.0023508997665160165,0.3544926451302593,0.006472561190706988,0.0011697020993955774,0.00087479828378358,0.008658526928261396,0.0046440849810239415,-0.0014770056127298118,0.0002875227934986022,0.008121660962526325,0.00506565589527163,0.0021470797936198483,0.0019383939433363056,0.0014761356376889049,0.003192375024925761,0.008913809759212223,0.00671651772913272,0.002750783000970417,-0.00877793129480137,-0.007221545042726254,-0.007332784750378346,-0.000533464714045166,-0.0017641577682936112,0.0016089497110458077,-0.0013535029498012942,0.0018916845479374643,-0.0010549792851108366,-0.0002846601136455261,-0.0019298187652189668,-0.0001975058873136084,0.0006810955628317599,0.0011326926095839747,-0.0034784180411943006,-0.008675802385632843,-0.0016204573250845268,0.0006730656346988498,0.0001691266797526162,-0.0008602822622043654,0.0006671200838170874,0.00046199711059618213,0.0021303290143921743,0.019654497052843473,0.018586553976057803,0.011187000913243397,0.017361594031931642,0.01701821744609133,0.01032819315989931,0.00033635391970164303,0.0005060762383910191,-0.00011597568288576733,9.882932041516765e-05
surface=compacted,-0.0033091732688964605,-0.009491360420118786,-0.005066228107101224,0.00088446637072112,-0.004097769419730228,-0.004343679511363461,-0.004614671676796703,-0.005728280672942524,-0.004607084505179582,-0.005057269008744279,-0.004457513875425051,-0.002622421664501664,0.008241577740336526,0.006472561190707017,0.4629756233641054,0.003571508859510297,0.009749469487732566,0.00695196154043347,0.005519216159288735,0.01099677399527308,0.006608133255282438,0.00912886679912458,0.004726939038732415,0.0022031043471362095,0.00281144852719269,0.0027397332597499068,0.002363710011438739,0.007200750913577175,0.004401372235164737,0.0033229806416832882,-0.003907869571821643,-0.009750210404897618,-0.002116167112054784,0.001848763870220004,0.0020062936761852746,0.003654890280716292,0.00029859476534013627,-0.0007965011287814686,-0.0006356825209194506,0.003266173216119974,-0.0003946095799785243,0.0008970042431173521,0.0019544399219412747,1.6883657854466598e-07,-0.0055780571654266186,-0.007837682019595555,-0.0018523676162197575,0.0003692007952989897,-0.0009909556779666474,0.001053548498079478,0.0028955464178904325,0.000511645540591233,-0.0007749709866030979,0.012353682584244042,0.01198621105782396,0.01849248420843581,0.004601188580525244,0.011388803832049064,0.0064213293929974696,0.0008078303409043223,0.0016950749100440531,-0.0002539440991283665,-0.0002636983326237427
surface=concrete,0.001140790369195808,-0.0015682084936476724,0.0017179069282633069,0.002311734804716428,0.0017925357985842788,0.000560418694668506,0.001614934087366978,0.0020602626815929715,0.0005257905043794952,0.001643296075037948,0.001780200598895431,0.001515011332569568,0.004382570547930908,0.0011697020993955802,0.003571508859510299,0.013817582074946506,0.0019201797569813512,0.0018592209947881795,0.0008550953080086987,0.004172202173014452,0.0019618909284546565,0.0009310649037385332,0.0014018065712265043,0.001054067494534058,0.0014511471478139601,0.0012835602441978473,-0.00044354800499272486,0.0020717890740584504,0.0015188135556405433,0.000350153570310331,0.0013714641482885231,0.00020461266803644405,0.0007543532780426473,-0.0002973294565120894,-7.104624740261499e-05,0.0010242950659925718,-2.161366876612129e-05,0.00017793654082707736,-0.00020855013667304322,0.0011148085594873364,0.0004162444726025859,0.00048166954532219566,-0.0005712478373636194,-0.0006396169384169488,-0.002866877603962315,-0.005356530450604334,-0.0009021533923067068,-0.00044273491224997686,-0.0004133066382351865,0.0003433822829256738,-0.0005033975726826588,-0.001288711483414133,0.0002704776119065434,0.0015364483604967884,0.0016093755700241858,0.002130849587403699,-0.002375617036306813,0.0010019231196141246,-7.862721010320933e-05,3.944427640512708e-05,-0.0002668339094791367,-0.0001375249867294441,-0.00016115532166041
surface=concrete:lanes,0.0014478799103603782,0.0015034379018935885,0.0035732537633160256,0.008568540055999796,0.003938101011175365,0.002667406026965604,0.0028090707950245903,0.0011155658983759763,-0.0081424889667844,0.00290337772890214,0.0035187696163187917,0.004399181605240048,0.0005707200290274627,0.0008747982837842221,0.009749469487733026,0.0019201797569813426,0.7288612827131649,0.004155291982781335,0.0024006671036955114,0.004599301725105697,0.019213135474074015,0.0016840973011709125,0.0036578403222775756,0.004798756885284879,0.005404345542757431,0.003988797695114524,-0.0028734371341626323,0.002471119683993362,0.001233360006561848,0.008887856693147823,0.010038699899708257,-0.0026404547328129193,0.006356687556852564,0.00082456003484063,-0.0003106875886234999,0.00391031875507658,-9.282452598824928e-05,0.00014651696106993462,-8.145623447073905e-05,0.0042014437469025875,-0.0003017465799769074,0.0010923594191673,0.0008047825271022272,0.0010213942171438315,-0.0034364580943663505,0.00019095852489989048,0.0012819706832698334,0.0014599206769999886,-0.006819884959283204,-0.00019092936701234375,0.0027283463487287898,0.0002430551109842139,-0.008626226692124145,0.0015261188026175995,0.0008079718453327009,0.012253161135070152,0.0005333061471879836,-0.0012866808698336586,-0.001222675945422216,0.0013823594968022776,0.0007317557281422023,-0.00034780529215929407,-0.00030864428646469133
surface=concrete:plates,-0.006253397083157464,-0.005322242288406073,-0.00523966536893277,-0.0011830784058098004,-0.00515903980604087,-0.0059375963336215695,-0.004654553808453404,-0.004325820038335905,-0.009730520222992395,-0.004463677358830544,-0.00039777228092662713,-0.005988423276851302,0.0018850139148327116,0.008658526928261457,0.0069519615404334744,0.0018592209947881722,0.004155291982780765,0.13051292516373877,0.005119053834279908,0.0030394319519874238,0.007630301869307117,0.007319343344164358,0.004513148205125957,0.0027614128989313495,0.002179374352781665,0.0025965572059371863,0.0012985783992888634,0.008507315726031176,0.006206755282182055,0.00665883964077212,-0.007179644164592912,-0.003225327612406227,-0.004245354436947356,-0.00020649116419083657,-0.0010032231565896333,0.00029902638342032086,-0.0003349935109960373,0.0005291195776310867,-0.00037993450716783617,0.0014190087243672474,0.00041653570947922954,0.00019465710132260186,-0.0047828435295436695,-5.2815214378348815e-05,-0.004132130291374042,-0.0063800669215671076,-0.0012860535898219791,-2.6880436947026372e-05,-0.003677971573690614,-0.0014174673496851794,0.000439638767091306,-0.0008406397724494218,-0.00021965246183782957,0.01812109956212985,0.01726569958832882,0.010721866067033308,0.015725605470749426,0.017685452976579013,0.009825833473729907,-0.000136273184157049,-0.0002267004931914964,-7.989426761675753e-05,-0.00040132314380300627
surface=dirt,-0.003087691358443213,-0.003434162734467077,-0.002799728105646714,-0.007376653155529107,-0.002454408456824408,-0.002540437043685003,-0.0025636723018537862,-0.002337670489269662,-0.005561641660294413,-0.0018385041009591088,-0.18958748525242794,-0.0027193108814751103,0.0008377100700178023,0.004644084981024013,0.00551921615928879,0.0008550953080086804,0.002400667103695468,0.005119053834279989,1.0315477506310622,0.12459427015302448,0.0020729274329958575,0.03329390131008778,0.024153986375651693,0.005344215352959052,0.0016190580088277747,0.0029547529312616947,0.0655349136106102,0.006544346250183569,0.033787986487939764,0.010257651619402149,0.0013254123129923655,0.008438126964865036,0.006694378155540994,0.0005322201106066926,2.9270420845153322e-05,0.0017749585958500547,0.000564133747101276,-0.000383553390605486,-0.00149004490490558,-0.0039187171520212805,-0.00031777802181554086,-0.0008053485510302105,0.003303454218787791,0.0015183671477351707,-0.005161654416784799,0.0001198690478752493,-0.0025503323796925146,0.000519805466921317,-0.0036077542363425383,-0.002031215383490499,0.0007871554750290818,-0.03362534178682791,-0.00280191511890582,0.0044941757686924565,0.004774478919732593,0.1252235446502826,0.005454804518976708,0.004195167352414847,-0.027456492928303464,0.0004514355871107969,-0.00011790623852001839,0.00025169460906647516,0.0002858244606297593
surface=fine_gravel,0.004331831069373088,-0.0013805839654488386,0.0029759684510617867,0.011475525956896899,0.0034609573604298446,0.004716903881704096,0.003823090118282158,0.004395103717148898,0.0014926341977426836,0.004385852066985202,-0.3283091370495147,0.004288977336172017,0.011255372392861307,-0.001477005612729786,0.010996773995273103,0.004172202173014445,0.004599301725105682,0.003039431951987485,0.12459427015302449,0.6140091641435241,0.011423809211006964,0.04866244803367718,0.03283411393904838,0.0017631013895017303,0.0029374099471743222,0.00312002340099238,0.09281131850939456,-0.00021481000495617562,0.012291144318299786,0.003697275201829883,0.004676608849580323,0.003936683963367359,0.0037334696445935874,-0.0003117968908783451,-3.919558238499463e-05,0.0002972719323535482,-0.0006111602642264826,0.0003642887810697995,0.0004468635705256822,0.002309323944072499,0.0008399253077278398,0.0020011312986696955,-0.007100185567089993,0.0006260462782551108,-0.001888045541451121,0.00013023637637466968,-0.0013776284707373548,0.0007544377918837727,-0.0015952319983002178,0.0012012176778448162,0.0013167405565321776,-0.004267722676898538,0.0005745348458377624,-0.004174760378931843,-0.004650512697300438,0.23543181106112035,-0.015188880219053957,-0.0052129995412685875,0.00678733093808438,3.163475588847099e-05,0.000885953325494802,0.0005747300584250926,0.00027820922000717786
surface=grass_paver,0.0014760207029995845,-0.0011159766506403626,0.005723687701121381,0.017385811958416184,0.00478225583783706,0.0035326768554853377,0.0031593830053185043,0.00930523315286346,-0.0057528931204050456,0.004544642321641605,0.005339581005134683,0.004939692429328516,0.0004944493027560173,0.00028752279349846574,0.006608133255281957,0.0019618909284546833,0.019213135474073932,0.007630301869307207,0.0020729274329960986,0.0114238092110066,0.7131292544598247,-0.00029453373411946594,0.002688093271353291,0.003976519179787912,0.006450543578731621,0.0034468395195209407,-0.004177327504912857,0.0021446124223552412,0.0012368499810994998,0.006866236106575624,0.01024089429822113,0.0005187990627664898,0.006418646781982754,-0.0006462810026404982,-0.0021625818115604267,0.002064375738214268,-0.001118843560783367,0.0004397600493118351,0.00037201484305975714,0.004782000567408455,0.0007866593373808938,0.001542165973023482,-0.011362878184211118,0.0007030956837920133,-0.0032551424825770464,-0.0002997314451167615,-0.00019954291840898277,0.0012285710497979445,-0.006226851390179892,-0.0003577886363855909,0.0006461870167680052,-0.004022364106982697,-0.0021096710826548513,0.0022986261590327807,0.0009350018683907159,0.008615805349170412,-0.0002247167287139832,-0.0017934750599392223,-0.00182575200151204,0.0012558392015448955,6.940106180922279e-05,0.0021191082399882022,-0.000261839306689882
surface=gravel,-0.004939236413570245,-0.017098451550399227,-0.010181660922068686,-0.005747090104584533,-0.00907374111836374,-0.006550177079588271,-0.009247241221862405,-0.009548162934894184,-0.004736747108388377,-0.008837250141799388,-0.07579690341148998,-0.0065521605488998965,0.001431847478841597,0.008121660962526357,0.009128866799124589,0.0009310649037385236,0.0016840973011703947,0.007319343344164357,0.03329390131008772,0.048662448033677114,-0.00029453373411932016,0.31337131770653015,0.011873012840060612,0.003238996788277947,0.0024460092250224988,0.0023468506693082635,0.02749565396641128,0.006122695276643985,0.007499279902293602,0.006464447515518791,-0.007955694118360728,-0.0035326982351634663,-0.001606034079751023,0.0004827004882390235,0.0005813896915341121,0.0022075284589124448,-0.0012721742210350406,-0.00014343027015500457,-0.0007648954165657905,-0.0004211863143612823,-0.0007237570243701217,8.197040974399187e-05,0.002980894741161884,2.9603754503023367e-05,-0.0017016396893542883,-0.0014349976478550996,-0.0033576876594840184,0.0006354511086848934,-0.0008786032962649682,7.359780770570289e-05,0.0032064931357034454,0.00033380952656184953,0.0017631924674575523,0.011639992832388656,0.01152739090234254,0.056955385979620354,0.011138744096065568,0.011145519683724205,0.009764243216892959,-7.082853931639063e-05,0.0032824892278475013,-1.950528145063193e-05,-0.000297825571270854
surface=ground,-0.002275140095527154,-0.001877646691817732,-0.0009775329118011955,-0.0032131852227182196,-0.0016430659360453365,-0.003103936329509869,-0.00189087665095068,-0.001961327616691893,-0.003819055009435611,-0.0014865493162174721,-0.05088818999386744,-0.002084782733523117,0.0011818748376473329,0.005065655895271644,0.004726939038732414,0.0014018065712264978,0.0036578403222774537,0.0045131482051259586,0.024153986375651658,0.03283411393904836,0.0026880932713532857,0.01187301284006061,0.8239233825589863,0.0030631491074228977,0.0030656569432325996,0.0019821268038531423,0.01725632279170187,0.00549753090743086,0.011960495326293888,0.0031735515509682963,-0.0011061815103109308,-0.0012964262051493554,-0.0013223765198199545,-0.00024285580778060412,-0.0005032721570826268,0.0029498292086380536,-0.0007041353194960457,-8.769466120956328e-05,-0.0017072284713536116,-0.0007381755627354908,-0.0005404788987428801,-8.155261783421473e-05,0.0015124302704126796,0.0007888901723048698,-0.0008226454518460685,-0.0016656751873365108,-0.0010486866880465788,0.0005992340687263594,-0.0015036149304655877,-0.0007442435665577348,0.00019043460612464964,-0.0002860224796287268,5.181157914525952e-06,0.007072675073119505,0.007227582915814079,0.039394434549373004,0.0070825086742729425,0.005510319187287733,-0.004741359430274433,0.00012755586777732649,6.258378542532286e-05,3.224349261041625e-05,-0.0002992153479378231
surface=missing,-0.0019165577192554138,-0.00047046601032478856,-0.0008403384378563692,-0.0026611521601852157,-0.0009479399188234431,-0.0020248946401745208,-0.001066505739782707,-0.001726120695884498,-0.004986319098503666,-0.0014291787724707787,-0.0036760925432140685,-0.0014852401791665335,0.0008957646151897506,0.0021470797936198665,0.0022031043471362286,0.0010540674945340544,0.004798756885284909,0.0027614128989313707,0.005344215352959039,0.0017631013895017217,0.003976519179787987,0.003238996788277955,0.0030631491074229024,0.02435815532962542,0.002823999677956096,0.0025345587428907404,0.0031737926120184285,0.0018814475337552556,0.0016939493859858845,0.006830063378105443,-0.00077727021155756,0.0008126483610881951,0.0005489421757234715,-0.0007057298421989608,-0.0008144313997705842,0.00167442643887927,-0.0008115497611545722,0.0002483988766401269,-0.0008440638053125199,0.000371539416433999,-0.0002487114222233273,0.00014550634334090182,0.001254285683278615,0.00046372784045633423,0.0029571416559992943,0.004048841675796739,-0.0001501562596048218,0.0020550110526139378,-0.0013999915967968896,-9.431666908874516e-06,-0.00030664444537665376,-0.0019006807174745096,-0.00013607312495264248,0.0005178442987166337,0.0005971760014718405,-0.00035305760254617197,0.0005799729154267794,-0.0010571858252834238,-0.0011299835832478044,-2.3487927133459314e-05,-2.9579752082063082e-05,-2.9993595256653283e-05,2.2948125898843926e-05
surface=paved,0.0010636999108791859,0.0001606771327034993,0.0019691297203162208,0.005214254697378779,0.0011651859306083911,0.00036717266651530673,0.001424540903649612,-0.00036953494039795024,-0.0007927822652402657,0.0012981939435508301,0.0012282743405331023,0.0012105332614501048,0.0015901160452034865,0.001938393943336295,0.002811448527192679,0.001451147147813961,0.005404345542757562,0.0021793743527816606,0.001619058008827778,0.0029374099471743214,0.006450543578731554,0.002446009225022494,0.0030656569432325957,0.0028239996779560925,0.15237864607471532,0.0020275725830875293,-0.0004428505224907102,0.0022594679577796982,0.001526765407426856,0.002451630301954092,0.002142134117352141,-0.0013560367436329906,-0.00039500623488047406,-0.0004939388722436546,-0.000710707100537098,0.002726864962459934,-0.0017530121492022792,0.0003213748024769778,-0.001222960731539665,0.0012395749991171694,-0.00030882686234557776,0.0006053773000771475,-0.0017771719919055496,0.0002654001305767668,0.0005127559902362381,0.000611970986019279,-0.0002646284785228118,0.0013956386067927845,-0.0005930599294677755,0.00047567339109935985,0.0011537810889180923,-0.0013879371892872154,0.0016615474095422649,0.0009797475465716525,0.0008448345745375288,0.0028662518519801095,0.0005777907931644184,-0.0012982495630389575,-0.0009593867643958358,-0.0004456991420354153,0.0008775093766488325,-0.00012352159801722935,1.2742233010594214e-05
surface=paving_stones,0.003977905686236959,0.010661338221958248,0.0123999767255059,0.012503241241041047,0.012786128267823658,0.012510691736426984,0.012742606152991385,0.012558948022314723,0.009558254663660545,0.013005086118548762,0.01177936375925022,0.01275143410336461,0.002822804791710152,0.0014761356376887923,0.002739733259749809,0.0012835602441978553,0.003988797695114493,0.0025965572059370775,0.0029547529312617333,0.003120023400992429,0.0034468395195210544,0.0023468506693081915,0.0019821268038531115,0.002534558742890737,0.0020275725830875366,0.02392474404077147,0.001137154566167761,0.0020567686847183923,0.0013199995944262735,0.005030545205037571,-0.00731502729592539,-0.00669261245747521,-0.007106940461242203,-0.0004375025125743841,-0.004366720228936065,0.000962891085661287,-0.0007947358446027737,0.00039092975977443205,-0.0005921538239666933,0.0007771871608612904,-0.0007182716006686288,0.0006371237874236365,0.0006172808297194924,0.00047077942835889366,-0.007809878986875595,-0.012384855776822816,-0.017153949595106178,0.0024836023856340808,0.002474900795285866,0.0037463919744522073,0.0018771789581895734,0.0037770441118749397,-0.008163733846028535,0.0005163922029821919,-3.36240817997513e-05,0.0004574837910475453,-0.0012511347741081457,-0.00022425958052424392,-0.0010826388392385694,3.5042954357103585e-05,0.000556827453848801,2.3934965952768942e-05,0.00012283444405980677
surface=sand,-0.0029077679079616853,-0.0020512165993505746,-0.0027869157026532794,-0.008649524306575224,-0.002708426583872241,-0.0037646624299420392,-0.002793184417870099,-0.003536577950413853,-0.0013215258509130777,-0.0025531635006077846,-0.1463454066321715,-0.0032950230531959023,0.00018601827630952247,0.0031923750249258625,0.0023637100114388037,-0.0004435480049927064,-0.0028734371341622962,0.001298578399288961,0.06553491361061026,0.09281131850939449,-0.004177327504913149,0.02749565396641134,0.017256322791701893,0.0031737926120184528,-0.0004428505224907096,0.0011371545661676922,1.4149846469785596,0.002119376726805071,0.022007142191258756,0.009033294185284075,0.0015107247300239549,0.011509991445959765,0.010321174823843251,0.0009468411209217724,0.0007410318743335873,0.0020396650857147083,0.0009031381685067298,-0.0003658135925487062,-0.0007797572386263206,-0.014627518049438777,-1.5653470174501675e-05,-0.00031038922702181736,0.003994158962469256,0.000891197692863578,-0.00403671482701613,0.0037417620359792704,-0.006579541057753215,-0.0016784062653793157,-0.0034700825418828418,-0.0032852166479082788,-0.0013319410642322037,-0.0009682642647803008,-0.0006006249777212504,0.00012368324340931053,4.370429887459802e-05,-1.2733133288162188,0.001889249375369571,-0.0007324817424972423,-0.013525269250909359,0.00027598287936634203,-0.0003672143274398493,0.00020608798477452395,0.0007389713520277116
surface=sett,-0.005798890479157793,-0.00532612613119002,-0.0038952555551731885,-0.004710814816147267,-0.004307768735994465,-0.004979987017193184,-0.004472787619365259,-0.004852955131021274,-0.005450125155227471,-0.004312085900813747,0.0013529445601287386,-0.005326070145426067,0.00417496319534776,0.008913809759212219,0.007200750913577146,0.002071789074058452,0.002471119683993196,0.008507315726031119,0.006544346250183495,-0.00021481000495619736,0.0021446124223546063,0.006122695276643944,0.0054975309074308445,0.0018814475337552256,0.0022594679577797056,0.002056768684718511,0.0021193767268049657,0.025436757078903114,0.015976711948438815,0.0018823410691140444,-0.006882433053553671,-0.0077226950011331655,-0.007780927049415481,-0.0009192965066319682,-0.0005932237198682973,0.00043733447901052823,-0.0009193950496815214,-5.315529412373085e-05,-0.0005935305187180914,0.000517155052152902,0.00026426542513595483,-0.000854945213220234,0.0003909473778906184,0.00036074237762047113,-0.0039006898194250943,-0.009719020818721714,-0.00072843734039819,-0.0009991526612026236,-0.00014598529240434697,5.582512626231721e-05,-0.0006415270084993837,0.00014937108022917788,0.00039288578393989313,0.01776431222007971,0.017569608777498136,0.010008896416971804,0.014435015760020816,0.016304562872929383,-0.0047018237136905216,8.226967740408581e-05,0.0003090268171503642,-1.796160542509072e-05,2.4817650573552278e-05
surface=unhewn_cobblestone,-0.003802556886114634,-0.0013959531283351018,-0.0015821093673124343,-0.005179155627764778,-0.0023581303232055118,-0.0036271828777695177,-0.0025690199853971255,-0.0022099193237348084,-0.003663167430809074,-0.000760807368419808,-0.020383108277702296,-0.003973978119107875,0.0017179198661328775,0.006716517729132768,0.004401372235164758,0.0015188135556405405,0.0012333600065613918,0.006206755282182081,0.03378798648793974,0.012291144318299758,0.0012368499810997155,0.00749927990229363,0.011960495326293905,0.001693949385985881,0.0015267654074268603,0.0013199995944263097,0.02200714219125875,0.01597671194843886,0.890924595376174,0.0010952941034852914,-0.002291953294453538,-0.0017092827074144756,-0.00266983020306536,-0.002917589421824642,-0.004361215009084856,-0.001019431698492006,-0.001094082839844308,0.0035212177128160936,0.0015008131086221258,-0.003814288808727422,0.004149072274341994,0.0024185103160610172,0.0006536430344255624,0.0008126594861277687,-0.004140277942652465,-0.006549569288267205,-0.002042523297555541,-0.0017068288421694894,-0.001759518130021975,-0.0013623622855171962,-0.0024746616054433577,-0.000530608750665621,-0.0006882980223272902,0.013074122707965525,0.012628110708063701,0.007214146774708129,0.01116060295515169,0.011147887778939491,-0.08081443521120774,0.00035804150413197783,-0.0005689382552024953,6.094434050131986e-05,-0.0003057018827744436
surface=unpaved,-0.0026976162869945565,-0.0020706921048094526,-0.0017649327849868592,-0.004039500453868592,-0.001530125587374896,-0.0006767079429698437,-0.0007730929299506347,-0.003647117748340001,-0.01089161830509065,-0.0013327573636191428,-0.003833926491357722,-0.0015651120594172634,0.0023182385814613823,0.0027507830009701538,0.0033229806416835653,0.0003501535703101496,0.008887856693147603,0.006658839640772231,0.010257651619401854,0.0036972752018300495,0.006866236106575292,0.006464447515518563,0.003173551550968228,0.006830063378105379,0.0024516303019542873,0.005030545205037447,0.009033294185283248,0.0018823410691147682,0.0010952941034851125,0.8355392934071304,0.002276017863871558,0.010937251182168569,0.009378111806771427,4.6557602448662105e-05,-0.00017090202425784024,0.0003970455328841247,-0.00012949662708495132,1.2835716019586915e-05,-0.00038646030809093404,1.0437812018911294e-06,0.00040963476140552546,-4.287643433020341e-05,0.0026916000143735242,0.0009019268713937606,-0.0004247503631830393,0.00796374764443795,-0.0028966850519438737,0.001748422938827499,-0.007726078408128303,-0.0028992481799509574,0.00374149129138554,0.00010051689308263291,-0.007293595776157909,-0.00034988526931065703,-0.00034247296389268943,-0.007951718060580447,-8.276556806428852e-05,-0.0011765671101199849,-0.001924758782986145,-0.00044775661367966487,0.00048120544699213895,-4.188970262176632e-05,0.0012908269890052645
lit=missing,-0.2747712114148414,-0.2497945335141199,-0.2595657302844428,-0.26827989555780823,-0.26215347340432826,-0.2665178538036273,-0.2656579254522023,-0.259020954780247,-0.2743513869681841,-0.26536997276677854,-0.27583983796079475,-0.2661291793000444,-0.0018322425626982146,-0.008777931294794802,-0.003907869571816042,0.0013714641482881409,0.01003869989970939,-0.007179644164584517,0.0013254123129956216,0.004676608849578173,0.010240894298230148,-0.007955694118355013,-0.0011061815103077758,-0.0007772702115563437,0.002142134117351742,-0.007315027295930753,0.0015107247300258778,-0.00688243305354738,-0.0022919532944491038,0.0022760178638641603,0.6794145236591805,0.6731495554194401,0.6739991378500784,-0.024937786496673404,-0.024239911359055528,-0.022704697189323293,-0.024529198765690315,0.0002564413561460432,-0.00021709713953522403,-0.00610834272454504,-0.0004262598375665898,0.0010193424045536407,0.0009731176072512543,-0.0033434694426784247,-0.33109671230280746,0.16606804347334578,-0.01746685326199372,-0.023809269833748734,-0.0325619502113954,-0.0011879311628209674,-0.03046438305116147,-0.03344123628318889,-0.03064626227780886,-0.018174314088053128,-0.01898742682545384,-0.010676772810450538,-0.018603696356782533,-0.02085562774181598,-0.01394651648186722,0.000539835936613295,-0.001598150974103673,0.000502307477144863,-0.0005808906627702199
lit=no,-0.27914244248013764,-0.25390594405010924,-0.26559091762293613,-0.28035106853864605,-0.26804171608053307,-0.2708289530724781,-0.27039327690344034,-0.26203999733586913,-0.2776927492942254,-0.2695739604229261,-0.2840987055344002,-0.2725530265607977,-0.002901228122804913,-0.0072215450427195555,-0.009750210404892263,0.00020461266803600833,-0.0026404547328099256,-0.003225327612397818,0.008438126964868314,0.003936683963365027,0.0005187990627570143,-0.0035326982351576476,-0.001296426205146242,0.0008126483610893678,-0.0013560367436336119,-0.006692612457480829,0.01150999144596193,-0.007722695001126907,-0.0017092827074100684,0.010937251182179227,0.6731495554194398,0.6878640632814286,0.6791390601016314,-0.0259149253572936,-0.025133647768919548,-0.025896097182428832,-0.02418905104633469,0.0005241349109488629,-0.00020890188658854785,-0.009581220046833264,4.2079912009089846e-05,8.68586686260788e-05,0.000800287754911384,-0.0030628624119828406,-0.3290489290282845,0.17438518544149068,-0.02102258358022209,-0.023413680575326234,-0.03390165407752418,-0.003567384185241165,-0.030241113986357263,-0.03407296064061558,-0.02826216303623741,-0.01984172916768213,-0.020146130796931765,-0.027530410855435263,-0.019045959114744465,-0.020266700127075942,-0.01460263583418713,-0.00033679306517583776,-0.002475331175945639,0.000838684436470352,-0.0005460366892498725
lit=yes,-0.28054997134650594,-0.2570595762595063,-0.26711268553998885,-0.2749665917075439,-0.2689743376388324,-0.27311584960388324,-0.2722549167838188,-0.2650237515680458,-0.27746134021781255,-0.2726412588996554,-0.2803300265082744,-0.27242664764408414,-0.0030189628539297416,-0.0073327847503714995,-0.002116167112049365,0.0007543532780421862,0.006356687556858724,-0.004245354436938641,0.0066943781555447975,0.0037334696445913127,0.006418646781968086,-0.0016060340797447645,-0.0013223765198167835,0.0005489421757248448,-0.00039500623488123273,-0.007106940461247508,0.010321174823845907,-0.007780927049409222,-0.002669830203060979,0.009378111806806932,0.6739991378500763,0.6791390601016307,0.6815168137436167,-0.023412073912042836,-0.02297745389695695,-0.02293211100241422,-0.023059801904919065,-1.8270298967345586e-05,0.0005161259966133694,-0.005956971716518862,-5.8358397391866415e-05,0.0009294394822898882,0.0017985588707183273,-0.00422629524838931,-0.33300706465174784,0.17128416911983127,-0.021335546392255763,-0.02276844739615419,-0.03254048029279015,-0.001805212775398184,-0.027774354056405375,-0.032836620750234004,-0.026617427252946656,-0.018872855447186875,-0.0198234015058459,-0.02123180790908678,-0.0188625677973239,-0.020084852760846893,-0.013710778422402209,0.000772874654325183,-0.0015527902909510908,0.0004509861378450809,-0.0007466249627831281
cycleway=missing,-0.015544337288154707,-0.015732212729948982,-0.015459760370564561,-0.013492353117190235,-0.0146632932472153,-0.017435142397396054,-0.01243696959145587,-0.01399471656397872,-0.015229954459971839,-0.016979365803854462,-0.014674342702092502,-0.014441016228387426,0.0017639078130869238,-0.0005334647140455142,0.001848763870219748,-0.00029732945651209813,0.0008245600348405506,-0.00020649116419141646,0.0005322201106063236,-0.000311796890878303,-0.0006462810026410247,0.0004827004882386424,-0.00024285580778079187,-0.0007057298421990818,-0.0004939388722436183,-0.0004375025125737387,0.000946841120921241,-0.0009192965066322668,-0.0029175894218249907,4.655760244788341e-05,-0.02493778649668983,-0.025914925357310322,-0.02341207391205953,0.060941922870947865,0.06092826033167857,0.06093330557632152,0.05421557251470279,-0.007228820200916764,-0.007399956080560906,-0.0062240700760498365,-0.006841423222742975,-0.005925620194221258,-7.394545787279277e-06,-0.00229309821330617,-0.009819871725682095,-0.02766892949519863,-0.0013306792609642736,-0.0023384851593078264,-0.0023689364044720126,-0.0026801493103770263,-0.0016365770930065002,-0.002723253780660942,-0.0018491565800989834,-0.003214801823733158,-0.0027565723266751423,-0.001662763164743947,-0.000758247692322426,-1.336796057684314e-05,-0.004021205928749471,0.0007327442741809866,0.00032304327915040913,-0.0003010706820221455,0.0005098499943791019
cycleway=no,-0.015140267074684959,-0.018783977713147396,-0.017823147754811995,-0.01532096514695126,-0.016647996034654566,-0.018981138311675597,-0.015015223265434483,-0.01627868207482617,-0.016298831857957732,-0.021285549656112422,-0.01634001513692416,-0.012177843515578348,0.0030654278323613417,-0.0017641577682939627,0.0020062936761850126,-7.10462474026277e-05,-0.000310687588623859,-0.001003223156590234,2.9270420844748413e-05,-3.919558238496571e-05,-0.0021625818115611384,0.0005813896915337187,-0.000503272157082823,-0.0008144313997707182,-0.0007107071005370672,-0.004366720228935405,0.0007410318743330104,-0.0005932237198685874,-0.004361215009085215,-0.00017090202425917077,-0.024239911359073253,-0.02513364776893759,-0.02297745389697496,0.060928260331678696,0.14089936372021522,0.06070257348053275,0.0552200581456095,-0.025997572683320137,-0.008241417843444215,-0.006921240910043857,-0.008564181711938295,-0.008661941508757537,0.0010542657375784592,-0.0019369573879613193,-0.007291989747882694,-0.024918933062301883,0.0012661952614822316,-0.003221803555964082,-0.0029868764840788537,-0.004413538261002239,-0.0020005107711983535,-0.0036219248575742502,-0.0012497453965522837,-0.004916175512075668,-0.0025173162147654944,-0.0015756056857617546,-0.0014874688220054342,0.00019435985500777887,-0.002772587662485052,0.0005352433899853964,0.000577007094830434,-0.0001647009701761356,0.0007496797977678428
cycleway=separate,-0.015359662463782097,-0.01429175325771202,-0.01339795909429876,-0.013869825877848626,-0.013578793397802706,-0.018644450702621617,-0.012062962722648911,-0.013298149666122422,-0.015283327725049181,-0.016076071112061864,-0.016140172916732108,-0.014061868979517568,0.0030015285057032833,0.0016089497110454553,0.003654890280716019,0.0010242950659925618,0.003910318755076529,0.00029902638341972303,0.001774958595849685,0.0002972719323535719,0.002064375738213233,0.0022075284589120536,0.002949829208637854,0.001674426438879149,0.0027268649624599727,0.0009628910856619336,0.0020396650857142217,0.0004373344790102197,-0.0010194316984923676,0.0003970455328829885,-0.0227046971893395,-0.02589609718244535,-0.022932111002430727,0.060933305576321484,0.06070257348053259,0.15535923118344339,0.05397833738902694,-0.007165432316887137,-0.009007456220712248,-0.006469556637625182,-0.007292100527867612,-0.005311139438917306,0.0005535192720870563,-0.001661930629624327,-0.009420118026622157,-0.027263216572125798,-0.0019162279457536958,-0.0012494700551489992,-0.002473061456653261,-0.002622893695846729,-0.001669577594047913,-0.002092372281553768,-2.7155055694176485e-06,-0.0030299186768016914,-0.002394404164744874,9.32938706615235e-05,-0.0001519356071015938,-0.0017273605825035116,-0.005066821243057783,0.001241075440643623,0.00019964604312370103,-0.00026227490847819193,0.0002910981783984508
cycleway=track,-0.015449340493145407,-0.013970952207693389,-0.015207109817517559,-0.01458248584050392,-0.013915002453403628,-0.01696863538703505,-0.013339732516322228,-0.013149516951681432,-0.0155106533818972,-0.015583698153471626,-0.01621795469366254,-0.012649549081694097,0.001282307320990844,-0.0013535029498017365,0.000298594765339852,-2.1613668766141536e-05,-9.282452598845363e-05,-0.0003349935109966329,0.000564133747100913,-0.0006111602642264222,-0.0011188435607834806,-0.0012721742210354808,-0.0007041353194962605,-0.0008115497611546898,-0.001753012149202228,-0.0007947358446021625,0.000903138168506252,-0.0009193950496818603,-0.0010940828398446855,-0.00012949662708523012,-0.024529198765706934,-0.02418905104635152,-0.023059801904935884,0.054215572514702916,0.05522005814560952,0.053978337389027124,0.1221351917850827,-0.0024507724033250113,-0.002025124417617165,-0.0016143536501749842,-0.0018220029811154685,-0.0009300355400999343,0.0003586183727866895,-0.0005751262592624668,-0.009015421820357448,-0.0274660078767427,-0.0010543345371414195,-0.0022984212216990456,-0.002740065827020678,-0.003357520502918541,-0.0027040842364536456,-0.003438928765567487,-0.0027954121015260455,-0.006939840005538262,-0.002579686158595154,-0.001562550635983004,-0.0007786770059625487,-8.024468340368607e-05,-0.0015437751191341093,0.0012107526261731865,-0.0008858190020825252,-4.8728140917986825e-05,0.0004571324065676812
sidewalk=left,-0.00035513208325096176,0.00036805108631946697,0.00011921933880347097,6.111548969236e-05,8.614417634720074e-05,0.0006777411789211276,0.0005116131109133404,-0.0003467511455319234,9.375678276113595e-05,0.0015885816231345972,-0.0004289144422681407,-0.006388334574762419,-0.0010148106253594516,0.0018916845479375046,-0.000796501128781436,0.00017793654082708013,0.0001465169610699618,0.0005291195776311511,-0.00038355339060544205,0.00036428878106979884,0.0004397600493119959,-0.00014343027015496567,-8.769466120953625e-05,0.0002483988766401443,0.0003213748024769781,0.0003909297597743617,-0.0003658135925486629,-5.3155294123693074e-05,0.003521217712816132,1.2835716019543303e-05,0.00025644135614781685,0.0005241349109506604,-1.8270298965550304e-05,-0.0072288202009167185,-0.02599757268332008,-0.007165432316887079,-0.0024507724033249667,0.039672032594389124,0.007563098102693998,0.007347191122897059,0.007877993298903499,0.007678969056615602,-0.0008564451871123567,0.00035969993373108876,-0.0007655534876847901,-0.0003703667246881232,0.0006765546917718081,0.0011655466431996842,0.0006671119374360619,2.6015781636559382e-05,0.0007023972745540321,0.0006881884645715294,0.0009039203654791821,0.0014231747079705146,-0.0006966752926432852,0.0001305106157500015,-0.00027104074093480527,-0.0009415001737465694,0.0015768912864351937,-0.00010217324551595891,6.537931187220914e-05,-0.00017650846688019466,-0.00019510942158180704
sidewalk=missing,-0.0003928764771317969,-0.0011983595960234309,-0.000875402799871588,0.00012702934639855686,-0.0007342773662554819,0.0009363276797374137,-0.0006727096607791634,-0.0011286993890939259,0.00017005777764073917,0.000480759581987498,2.3105119464454632e-05,-0.0008767672286812608,-0.0014242636082924774,-0.001054979285110783,-0.0006356825209194093,-0.00020855013667304216,-8.1456234470706e-05,-0.00037993450716775935,-0.001490044904905543,0.0004468635705256693,0.0003720148430599174,-0.0007648954165657437,-0.0017072284713535826,-0.0008440638053125017,-0.0012229607315396664,-0.0005921538239667635,-0.0007797572386262521,-0.0005935305187180395,0.0015008131086221702,-0.00038646030809091057,-0.0002170971395341599,-0.00020890188658746265,0.0005161259966144538,-0.007399956080560785,-0.008241417843444078,-0.009007456220712117,-0.002025124417617049,0.00756309810269399,0.008668939054303125,0.007780868894963421,0.007584941509915287,0.007117923008333523,-0.0008320984496458434,-0.00018977865171826904,-0.0005806184127546095,-8.432792753648357e-05,-0.00017143674777384219,1.852258659509782e-05,0.00025117408321946046,8.23468301170414e-05,0.00022904307718725543,0.00020265424542389833,-0.00035638424247996683,0.000646726744331819,-0.00037791373687356077,0.00022714975206668012,-0.0009682354147185874,-0.0005107932755419208,0.0038730138351462345,6.28100203476359e-05,0.00024083549041211736,-6.62190529330322e-05,-0.00010004027464105043
sidewalk=no,-0.0025341075868074692,-0.005036070940569765,-0.002555652032086568,0.0030683930234806996,-0.0027351072038744066,-0.001743098385410718,-0.002781510559786397,-0.0029556956695496227,-0.002221627012773064,-0.00255479194623076,0.0017285339238251969,-0.0023477924156556544,0.0007265989634992724,-0.00028466011364553797,0.00326617321611996,0.0011148085594873494,0.004201443746902628,0.0014190087243672366,-0.003918717152021273,0.0023093239440725066,0.004782000567408271,-0.0004211863143613007,-0.0007381755627354965,0.00037153941643399357,0.0012395749991171727,0.0007771871608613032,-0.014627518049438694,0.0005171550521528932,-0.0038142888087274204,1.0437812018967728e-06,-0.006108342724542846,-0.009581220046831068,-0.005956971716516659,-0.006224070076049967,-0.006921240910043993,-0.0064695566376252725,-0.001614353650175117,0.007347191122897078,0.007780868894963438,0.026176808095157853,0.007498644458371109,0.007639579734428117,-0.0027250332981699024,-0.0012692368350693305,0.0034793038706430494,-3.075537502073293e-05,0.0036760485956658304,0.004598385987537511,0.00425965448260265,0.0033576383864670463,0.005533474726478038,0.0005623984211391638,0.004974081420914676,0.0004255506888330665,-0.00036279509540022956,0.014029859102081052,-0.0018469856713445648,-0.0004290654544146219,0.00426645313064285,0.0001860033209681911,0.00116624462377133,-0.00021861241397299353,-0.00019649200756409826
sidewalk=right,-0.001060433843920816,0.0019501743456558098,0.0015027154179267888,-0.0012847704076728046,-0.002150564662165365,-0.000847470546997497,-0.0005477442574247941,0.0015714581440057684,-0.0010954045807671717,0.00017645892853855217,-0.0008579909880308083,-0.0027269637161892522,0.0002280723727143637,-0.0019298187652189102,-0.0003946095799784804,0.0004162444726025867,-0.000301746579976817,0.00041653570947930343,-0.0003177780218155117,0.0008399253077278295,0.0007866593373809166,-0.0007237570243700736,-0.0005404788987428527,-0.00024871142222331164,-0.0003088268623455796,-0.0007182716006686878,-1.5653470174488133e-05,0.0002642654251360106,0.004149072274342032,0.00040963476140554335,-0.00042625983756605255,4.207991200963796e-05,-5.835839739131565e-05,-0.00684142322274284,-0.008564181711938148,-0.007292100527867472,-0.0018220029811153405,0.007877993298903485,0.007584941509915279,0.0074986444583711,0.03355861002892961,0.007477711902433061,-0.0009099298165771254,-0.002409950896415607,0.001465829477054516,0.0017104291095187236,-0.00039828466284958154,-0.00046737735469871094,-0.0005840450279796085,-0.0007024959481949595,-0.001281644560628107,-0.0002342850457064324,-7.552797522786089e-05,0.0013372590092556595,-0.0002950392577253555,-0.001089720552318017,-0.0009638495321857504,-0.0005137549479993319,4.138474801605199e-05,-0.00011248397270210357,-0.00035797019864469655,0.00012680163168498463,0.00014337309726049317
sidewalk=separate,0.0003737238850529112,0.0005771931967961634,0.0012806923756215221,0.0013086162177906294,0.0008154424200870414,0.00021482431030638238,0.000604142633540028,0.001095300944588969,0.0006609341310589081,0.0014499765201635827,-2.5496221941176596e-05,0.0001319266301683323,0.0011831620507045965,-0.00019750588731356128,0.0008970042431173916,0.00048166954532219815,0.0010923594191673996,0.00019465710132267406,-0.0008053485510301677,0.0020011312986696955,0.0015421659730236186,8.197040974403677e-05,-8.155261783418629e-05,0.00014550634334091885,0.0006053773000771494,0.0006371237874235759,-0.00031038922702178684,-0.0008549452132201898,0.002418510316061054,-4.2876434330083164e-05,0.0010193424045550278,8.685866862748541e-05,0.0009294394822912974,-0.0059256201942211794,-0.008661941508757449,-0.005311139438917183,-0.0009300355400998724,0.007678969056615595,0.007117923008333523,0.007639579734428096,0.007477711902433072,0.04070609723448998,-0.0008943901342518442,-0.000876581422322574,-0.0008870241877290929,-0.00023340157729128508,-0.0006885304935773378,0.00013360756905190808,-7.101746394245075e-06,0.0006029545859837642,0.0001928158660639833,-0.0001961170387998974,0.0004904720341330531,-0.0005119103051665809,-0.001535147275995119,9.249191050874802e-05,-0.0023129936710902825,-0.0017266988876332968,0.002137403238597784,0.0002596260092278698,0.00019266862820613645,-3.7533010704069814e-05,2.788609381586127e-05
oneway=no,0.00014778201720471446,-0.0030505832739739468,-0.001800058127163197,-0.014283298696277797,-0.0009664870463418228,-0.0006143460278099978,-0.0015420593370696592,-0.0013240026519885713,-0.001872347406353063,-0.0019225300236495099,-0.004897390799252555,0.00039319890542518793,6.422324172418635e-05,0.0006810955628317794,0.0019544399219413038,-0.0005712478373636273,0.0008047825271022103,-0.00478284352954366,0.0033034542187877717,-0.0071001855670900045,-0.01136287818421097,0.0029808947411618936,0.0015124302704126924,0.0012542856832786222,-0.001777171991905553,0.0006172808297194805,0.003994158962469259,0.00039094737789064125,0.0006536430344255678,0.002691600014373102,0.0009731176072492813,0.0008002877549093706,0.0017985588707163237,-7.394545787140218e-06,0.0010542657375786065,0.0005535192720872121,0.0003586183727868127,-0.000856445187112379,-0.0008320984496458639,-0.0027250332981699032,-0.0009099298165771374,-0.0008943901342518605,0.016032268598179845,0.0008783014216289251,0.0008447611415608887,0.001698266059968679,-0.00043388525441079425,-0.0013842389718474127,-0.0019282675584037733,-0.0012809806387625569,0.0003609232299552014,-0.00032499516458542294,-0.009195802254889866,-0.0004741431552056759,0.0002834856820625126,0.0024597616011754306,0.0009449428009308033,0.0005136199403341505,0.0006276184382367422,-4.772809064798791e-05,0.0006219931208948997,6.271302916412167e-05,-6.313739913962873e-05
oneway=yes,0.0010580085845789376,-0.0052686482215748,-0.005278930892896189,-0.0006990991005839153,-0.002052764898152351,0.0019172224867168902,-0.0007941322231239041,-0.005377913945711234,0.0004717394489996219,0.0020120531563972855,-0.0001271157456284097,0.00033523433474523284,0.0005726726068902972,0.0011326926095839263,1.688365785072215e-07,-0.000639616938416949,0.0010213942171437781,-5.281521437839759e-05,0.0015183671477351462,0.0006260462782551235,0.0007030956837921788,2.9603754502985403e-05,0.0007888901723048484,0.0004637278404563314,0.00026540013057677406,0.00047077942835890987,0.0008911976928636096,0.0003607423776204284,0.0008126594861277423,0.0009019268713938324,-0.003343469442678464,-0.0030628624119828905,-0.004226295248389362,-0.0022930982133062615,-0.0019369573879614154,-0.00166193062962442,-0.0005751262592625526,0.0003596999337311061,-0.0001897786517182531,-0.0012692368350693108,-0.002409950896415594,-0.0008765814223225572,0.0008783014216289084,0.008115677928304109,0.0028834196641263914,-0.0010102811102059267,0.002817153498838276,0.002843995179371298,0.0016343056861609954,-0.0018561781419186474,0.001940502952016576,0.0012375402705476692,0.0011445052570711908,-0.0002734486140061652,0.0004074902205732603,0.00030450709750039586,-0.00029919562618034817,-0.00034377981983401844,-1.5844953899228808e-05,0.0004862602552235005,-0.00012029392050865984,0.0001183985681163094,-0.0001066451119877411
tunnel=missing,-0.06843206427206087,-0.09515194606168857,-0.09077799270084996,-0.08879841306958013,-0.0902565704726764,-0.08629015970364867,-0.08960181027846104,-0.09058819125107404,-0.08672921317767443,-0.0877336355554664,-0.09031545983075269,-0.08594322901837988,-0.002647046923265659,-0.00347841804119625,-0.005578057165428218,-0.002866877603962169,-0.003436458094366181,-0.004132130291377333,-0.005161654416787727,-0.0018880455414506817,-0.00325514248258348,-0.001701639689356543,-0.0008226454518475615,0.0029571416559985167,0.0005127559902363688,-0.007809878986871819,-0.004036714827018929,-0.003900689819426585,-0.0041402779426545685,-0.00042475036317911883,-0.33109671230290943,-0.32904892902838856,-0.3330070646518513,-0.009819871725680862,-0.0072919897478820285,-0.00942011802662068,-0.009015421820357132,-0.0007655534876850471,-0.0005806184127553478,0.0034793038706448895,0.0014658294770536105,-0.0008870241877294354,0.0008447611415591968,0.002883419664126638,0.45098807387426265,0.19988960504619716,-0.005848937873099935,-0.015081315875307645,-0.013673394633027596,-0.015986195193150133,-0.008597514790564208,-0.004601547310655189,-0.01024549121726107,-0.008923211686759448,-0.007015343693268766,-0.0027868859869821447,-0.004683587209652314,-0.007755435626757798,-0.0034195911071606875,-0.0008581321948768482,0.0012073235510691735,0.0002696960571747998,-3.714235820921794e-05
tunnel=yes,-0.2769904922612324,-0.2971831198526094,-0.28902382926591097,-0.2924977430457183,-0.2907457276837259,-0.2889910456054302,-0.29183913682748824,-0.28938972703775256,-0.2929148783878017,-0.2911218432355311,-0.29818119573265417,-0.28904472686612476,-0.006376961014416958,-0.008675802385629636,-0.007837682019592928,-0.005356530450604452,0.0001909585249000456,-0.006380066921563757,0.0001198690478747706,0.0001302363763733508,-0.0002997314451179733,-0.001434997647853125,-0.0016656751873356354,0.004048841675796835,0.0006119709860190872,-0.012384855776823078,0.0037417620359779693,-0.009719020818718149,-0.006549569288265809,0.007963747644435236,0.16606804347324702,0.1743851854413901,0.17128416911973163,-0.027668929495185308,-0.024918933062288286,-0.02726321657211248,-0.027466007876730467,-0.00037036672468964365,-8.432792753797577e-05,-3.0755375020539883e-05,0.0017104291095174484,-0.0002334015772926953,0.001698266059968446,-0.0010102811102056185,0.19988960504627093,0.6359381906655688,-0.016536926807885464,-0.027568085803125475,-0.03163117012818363,-0.029949594955094725,-0.021583112263982983,-0.022131391597310084,-0.023084827251890355,-0.022665650983360423,-0.021640938905703667,-0.019827905474448234,-0.018078822284603724,-0.022756044416627322,-0.013445439790330953,-0.0009641270176422463,0.0005806191366827418,4.711498363103317e-05,-0.0008267166204077589
access=delivery,-0.023896964066118125,-0.03287308964152499,-0.03346001274298043,-0.029399962481677994,-0.031183039649642398,-0.029803797098086632,-0.03057699205172893,-0.03297376511353581,-0.0316426678094398,-0.02988768586533252,-0.030754770002724297,-0.0306344488595529,-0.0017118183279860263,-0.0016204573250848163,-0.001852367616219969,-0.0009021533923066277,0.0012819706832701886,-0.0012860535898222907,-0.0025503323796923164,-0.0013776284707371941,-0.0001995429184086958,-0.0033576876594842214,-0.0010486866880466445,-0.00015015625960484693,-0.00026462847852277364,-0.017153949595106084,-0.006579541057752839,-0.0007284373403984877,-0.0020425232975555636,-0.0028966850519432062,-0.01746685326196775,-0.02102258358019603,-0.021335546392229683,-0.0013306792609672584,0.0012661952614791909,-0.0019162279457566286,-0.0010543345371441513,0.0006765546917720985,-0.0001714367477735715,0.003676048595665792,-0.0003982846628494302,-0.0006885304935770789,-0.00043388525441077875,0.0028171534988382435,-0.00584893787312014,-0.016536926807886203,2.221828040633663,0.061960282799019155,0.060111249259865954,0.05723202686658952,0.06259874258589256,0.05855934385107584,0.06635397783367933,-0.0017664849005723314,-0.002505812859800789,0.005714604703058816,-4.252402842952041e-06,-0.0009205229266218141,-0.0007786719602595829,0.00016089510563990956,0.00014347659165848966,-0.0004571929972558852,-0.00012293533789386844
access=destination,-0.02870091171652158,-0.02466439055266083,-0.02494182476218113,-0.021465877323984823,-0.02441987111245457,-0.022806253229823305,-0.02377356547821918,-0.02766620322703846,-0.022430650358424006,-0.022822758223820957,-0.02245260013112183,-0.02424885914824538,-1.8502286286277494e-05,0.0006730656346984799,0.0003692007952987224,-0.0004427349122498888,0.0014599206770001647,-2.6880436947377325e-05,0.0005198054669215881,0.0007544377918839893,0.0012285710497982965,0.0006354511086846651,0.0005992340687262897,0.0020550110526139174,0.001395638606792829,0.0024836023856341146,-0.0016784062653789214,-0.0009991526612029998,-0.0017068288421695046,0.0017484229388280421,-0.023809269833716062,-0.02341368057529341,-0.022768447396121383,-0.002338485159311451,-0.0032218035559677637,-0.0012494700551525719,-0.002298421221702379,0.001165546643200047,1.852258659544675e-05,0.0045983859875374416,-0.00046737735469849344,0.0001336075690522351,-0.0013842389718473672,0.0028439951793712403,-0.015081315875331566,-0.027568085803124982,0.061960282799018766,0.1599487720608032,0.06501323627363624,0.06063138591859832,0.06500184251059725,0.06360616386085315,0.06604385302258267,-0.0016922764686736593,-0.0016012621479518162,5.523554906159817e-05,-0.001816280166713783,-0.0029801329055634974,-0.0009247482983483396,0.00018805453799193152,0.00023654105432284732,-0.0005108376310113762,9.210486019523912e-07
access=missing,-0.023771073231120085,-0.024529304284670914,-0.024265968552632133,-0.019184843480446353,-0.02335823860037861,-0.022201093238440762,-0.022728590496381592,-0.026450720642704532,-0.01380244116104257,-0.022630684392612056,-0.01834599929473679,-0.023019084847333296,0.0009207443255773952,0.0001691266797521545,-0.0009909556779669792,-0.0004133066382350823,-0.006819884959283099,-0.0036779715736910824,-0.003607754236342294,-0.0015952319982999567,-0.006226851390178974,-0.0008786032962652864,-0.0015036149304656892,-0.0013999915967969308,-0.0005930599294677215,0.0024749007952859646,-0.003470082541882466,-0.00014598529240480922,-0.001759518130022027,-0.00772607840812895,-0.03256195021136013,-0.033901654077488755,-0.03254048029275474,-0.0023689364044761187,-0.0029868764840830357,-0.00247306145665731,-0.0027400658270244484,0.0006671119374364784,0.0002511740832198538,0.004259654482602603,-0.0005840450279793655,-7.101746393872011e-06,-0.0019282675584037403,0.0016343056861609397,-0.013673394633054736,-0.03163117012818438,0.06011124925986588,0.06501323627363667,0.07139920929623315,0.06272155189214214,0.06402897477541804,0.06446657323410362,0.07116322363340695,-0.00034939189032488804,-0.00032884276455797756,0.0002642482967590543,-0.001122014703651514,-0.0007207279541809525,3.236549268774586e-05,-7.948231156057866e-05,0.0004857982452136706,-0.00045681681176785256,0.0002388644349380255
access=no,-0.04075096848459064,-0.04725671822492688,-0.0418293213932631,-0.03598871360151898,-0.039523268383113354,-0.03949568569921213,-0.04030129619112766,-0.040063679977134205,-0.03728117967385476,-0.04046627724990754,-0.03798852068529748,-0.03967511226605378,0.0009790424464956,-0.0008602822622044862,0.0010535484980794107,0.00034338228292574684,-0.00019092936701200415,-0.0014174673496852727,-0.002031215383490195,0.0012012176778449307,-0.0003577886363852743,7.359780770564926e-05,-0.000744243566557714,-9.431666908869063e-06,0.0004756733910993872,0.003746391974452135,-0.0032852166479078702,5.5825126262172004e-05,-0.0013623622855170848,-0.0028992481799509336,-0.0011879311627928828,-0.0035673841852129438,-0.0018052127753699339,-0.0026801493103797455,-0.004413538261004975,-0.0026228936958493944,-0.0033575205029209828,2.6015781636823467e-05,8.234683011730794e-05,0.0033576383864669388,-0.0007024959481948088,0.0006029545859840075,-0.0012809806387624686,-0.0018561781419186788,-0.015986195193168826,-0.029949594955092383,0.05723202686658871,0.0606313859185977,0.06272155189214114,0.1678627402534138,0.06118036958272143,0.06044591647988655,0.06116973613949906,-0.002986450052310677,-0.0023358647891756354,0.0016147588271366688,-0.0031048839159166165,-0.0019206438735048425,-0.0015217438247503608,0.00010948687768810694,0.0013603552200717778,-0.00033988408370791163,-0.00010797879876098294
access=permissive,-0.024130042867212143,-0.03254289318611987,-0.028386679853184816,-0.021300152012074407,-0.026303217026974877,-0.023489488838380975,-0.025730080893424743,-0.029882822976153463,-0.02362051610625302,-0.025486674177615267,-0.02217952288755747,-0.024603447478906207,0.0011004825393260795,0.0006671200838167168,0.00289554641789016,-0.0005033975726825673,0.0027283463487290166,0.00043963876709090887,0.0007871554750292999,0.001316740556532389,0.0006461870167684445,0.003206493135703179,0.00019043460612456166,-0.00030664444537669485,0.0011537810889181317,0.0018771789581896784,-0.0013319410642319068,-0.0006415270084997575,-0.0024746616054433963,0.0037414912913852146,-0.03046438305113121,-0.030241113986326913,-0.027774354056375003,-0.0016365770930100345,-0.0020005107712019582,-0.001669577594051387,-0.0027040842364569146,0.0007023972745543886,0.0002290430771875906,0.005533474726478007,-0.0012816445606279082,0.00019281586606430116,0.00036092322995522487,0.0019405029520165307,-0.008597514790587924,-0.021583112263984024,0.06259874258589257,0.06500184251059772,0.06402897477541816,0.061180369582722376,0.3509762292141777,0.06371581728240697,0.06435403103306434,-0.0014862086293541093,-0.001902840739083118,0.0008774214055508144,-0.0021894917533478325,-0.0016982266439906058,-3.5210199985131784e-05,9.49519556765342e-06,0.0020063711636505773,-0.0005806720089932942,0.00022779722160719433
access=private,-0.02501591983005523,-0.024637533135255088,-0.024402750062714546,-0.021612391543427412,-0.024179248171401026,-0.023185576125460825,-0.023860414043817644,-0.02751952795968938,-0.02163335561552021,-0.023531584893188136,-0.015920019128053426,-0.024088931555249066,-7.444214856288375e-05,0.000461997110595795,0.0005116455405909321,-0.00128871148341404,0.00024305511098438623,-0.000840639772449841,-0.03362534178682771,-0.004267722676898325,-0.004022364106983074,0.0003338095265615758,-0.00028602247962882817,-0.0019006807174745512,-0.0013879371892871785,0.0037770441118750732,-0.0009682642647799468,0.00014937108022878358,-0.0005306087506656783,0.00010051689308413271,-0.033441236283158746,-0.034072960640585286,-0.032836620750203716,-0.002723253780664586,-0.0036219248575779673,-0.002092372281557352,-0.003438928765570835,0.0006881884645718921,0.0002026542454242346,0.0005623984211391474,-0.00023428504570623227,-0.00019611703879957498,-0.00032499516458541416,0.0012375402705476247,-0.004601547310679262,-0.022131391597311537,0.058559343851076015,0.06360616386085384,0.06446657323410396,0.06044591647988767,0.06371581728240715,0.15789222332291367,0.06393677043346407,-0.0004142676089344363,-0.0006327474490442641,-0.006084162719531899,-0.0010205021029420498,-0.0018948931235065445,-0.0006414668017216034,-0.0002975215980675985,0.0006194375623534025,-0.0005459182554330626,2.2617363339270794e-05
access=yes,-0.028411521292045508,-0.03050348550521155,-0.031362986145760774,-0.02143647372258919,-0.03175121558624162,-0.03248436360521864,-0.03078933668266144,-0.034871946303012324,-0.019327942867801883,-0.030832388930590666,-0.02500352726065405,-0.032371756727587936,0.0002672878349809502,0.0021303290143917875,-0.0007749709866033607,0.000270477611906648,-0.008626226692123675,-0.00021965246183822346,-0.002801915118905577,0.0005745348458379883,-0.0021096710826537827,0.001763192467457283,5.181157914439213e-06,-0.00013607312495267788,0.0016615474095423145,-0.008163733846028443,-0.0006006249777208645,0.00039288578393950515,-0.0006882980223273166,-0.007293595776158879,-0.030646262277775425,-0.02826216303620388,-0.026617427252913103,-0.0018491565801027569,-0.0012497453965561232,-2.715505573133294e-06,-0.002795412101529513,0.0009039203654795618,-0.0003563842424796081,0.0049740814209146235,-7.552797522765143e-05,0.0004904720341333933,-0.009195802254889831,0.001144505257071139,-0.010245491217286812,-0.023084827251891094,0.0663539778336792,0.06604385302258302,0.07116322363340692,0.06116973613949997,0.06435403103306418,0.06393677043346373,2.5323718474988426,5.8632106720194744e-05,6.775977763933845e-05,-0.004929715925764922,-0.00013262559024244236,-0.0016733888384155712,-0.0007431957321048213,-7.801772238090025e-05,-6.627806537195248e-05,-0.0005371900968499769,-6.0991139589502994e-05
smoothness=excellent,-0.014091984782033965,-0.011504295078181478,-0.010512019551534593,-0.015092630659378012,-0.012123801248077075,-0.011703511412269166,-0.01243232826636385,-0.011681239673861416,-0.011698865270473561,-0.01243585065542844,0.00045735568052140187,-0.017029271483926717,0.0021626729668702774,0.019654497052843493,0.012353682584243965,0.0015364483604967815,0.001526118802616241,0.01812109956212972,0.004494175768692304,-0.004174760378931909,0.002298626159031978,0.011639992832388585,0.007072675073119478,0.0005178442987165923,0.0009797475465716625,0.0005163922029824355,0.0001236832434090836,0.017764312220079723,0.013074122707965421,-0.0003498852693094376,-0.01817431408806805,-0.019841729167697136,-0.018872855447201964,-0.0032148018237324136,-0.004916175512074926,-0.0030299186768009195,-0.006939840005537287,0.0014231747079704216,0.0006467267443316932,0.00042555068883309534,0.0013372590092555286,-0.0005119103051666888,-0.00047414315520570425,-0.00027344861400605035,-0.008923211686754681,-0.02266565098336722,-0.0017664849005715995,-0.0016922764686727646,-0.00034939189032378475,-0.002986450052310316,-0.0014862086293531817,-0.0004142676089334539,5.8632106721153796e-05,0.0521666949798693,0.043283349871564,0.031108568281406988,0.03984487541198127,0.0416415680140112,0.026441277831218215,-3.570772716773916e-05,-0.00011954702755416526,0.00012143043484164749,-0.00017661818340756872
smoothness=good,-0.014127686229983562,-0.012155399516126484,-0.01149875130174245,-0.013835131164657375,-0.013112691722152493,-0.012210817199304398,-0.013386116870391485,-0.014417851310164907,-0.012249600510822235,-0.012764555472158228,-0.0005815532740582626,-0.01401782542708082,0.0022678547248758817,0.0185865539760578,0.011986211057823883,0.0016093755700241853,0.0008079718453319234,0.017265699588328676,0.004774478919732418,-0.004650512697300497,0.0009350018683901526,0.011527390902342456,0.007227582915814044,0.0005971760014717973,0.0008448345745375535,-3.362408179948302e-05,4.3704298874371466e-05,0.017569608777498136,0.012628110708063581,-0.00034247296389293554,-0.018987426825469483,-0.02014613079694754,-0.01982340150586174,-0.002756572326674415,-0.0025173162147647866,-0.0023944041647440736,-0.0025796861585943797,-0.0006966752926433777,-0.0003779137368736884,-0.0003627950954001911,-0.00029503925772548806,-0.0015351472759952257,0.0002834856820624754,0.0004074902205733732,-0.007015343693263832,-0.021640938905711296,-0.0025058128597999964,-0.0016012621479508547,-0.00032884276455680023,-0.002335864789175248,-0.001902840739082137,-0.0006327474490432256,6.775977764035634e-05,0.04328334987156396,0.044688701675466146,0.031104292586839267,0.039741417852340845,0.04150653124160334,0.02612430690565966,8.922817276260954e-07,-0.00021972189532085254,-9.997069955139815e-07,-0.00019583005712542716
smoothness=horrible,-0.00552233274182501,-0.012428393163877371,-0.006544254139963372,-0.002484078168019918,-0.005959682833329112,-0.0049167327735814195,-0.007661265438115053,-0.005090061145350626,-0.009318413164127641,-0.0067218136634024876,-0.35221968492199424,-0.0043410689126699015,-0.0009558453489020252,0.011187000913243273,0.018492484208435904,0.0021308495874034087,0.012253161135068422,0.010721866067033327,0.125223544650282,0.23543181106112043,0.008615805349169937,0.05695538597962054,0.03939443454937306,-0.0003530576025462453,0.0028662518519800744,0.0004574837910477881,-1.2733133288162184,0.010008896416971674,0.007214146774708272,-0.007951718060582818,-0.010676772810461786,-0.027530410855446157,-0.02123180790909761,-0.0016627631647448949,-0.00157560568576278,9.32938706610506e-05,-0.0015625506359835761,0.0001305106157499722,0.00022714975206693063,0.0140298591020817,-0.00108972055231815,9.249191050865187e-05,0.002459761601175529,0.0003045070975008652,-0.0027868859869801623,-0.019827905474453972,0.005714604703060297,5.523554906258245e-05,0.00026424829676006327,0.0016147588271374013,0.0008774214055515456,-0.006084162719530778,-0.004929715925763659,0.031108568281406686,0.031104292586839163,11.93830185173843,0.029950106687078187,0.03040157659660768,0.0501464383612871,0.0010416219913493136,0.0017822816662320753,4.882029040556271e-05,-0.0015419808340318922
smoothness=intermediate,-0.014512542457868625,-0.011338286808976875,-0.011916268110871391,-0.014480741803431302,-0.012693809650245256,-0.013629115458017083,-0.013416274719498649,-0.012799291968898138,-0.01311686111647033,-0.013050262881711691,-0.005275432457805118,-0.013971588731428744,-0.009889066167050492,0.01736159403193162,0.0046011885805251704,-0.0023756170363068148,0.000533306147186953,0.015725605470749277,0.005454804518976501,-0.015188880219053996,-0.0002247167287137656,0.01113874409606546,0.007082508674272896,0.0005799729154267236,0.0005777907931644532,-0.0012511347741078441,0.0018892493753693168,0.014435015760020797,0.011160602955151559,-8.276556806507997e-05,-0.0186036963567989,-0.019045959114760994,-0.018862567797340468,-0.0007582476923216703,-0.0014874688220046942,-0.00015193560710081793,-0.0007786770059616115,-0.000271040740934897,-0.0009682354147187174,-0.0018469856713445106,-0.0009638495321858902,-0.002312993671090386,0.0009449428009307086,-0.0002991956261802396,-0.004683587209647678,-0.01807882228461171,-4.252402842069616e-06,-0.0018162801667127235,-0.001122014703650219,-0.00310488391591613,-0.002189491753346746,-0.0010205021029409005,-0.00013262559024130205,0.03984487541198121,0.0397414178523408,0.029950106687078253,0.04972825890841834,0.039026901190314066,0.025897914748091437,0.00018769496777096433,-0.00012354866164564728,-3.790762488218162e-05,-0.00010906129681929663
smoothness=missing,-0.013030229941361623,-0.014307799765371082,-0.013343470897230793,-0.012711686668785823,-0.01279559535609033,-0.01213131482950996,-0.01283207786803384,-0.012065607241453065,-0.011803809253595553,-0.012716595151280067,-0.00021046261867728875,-0.013057967203541567,0.0019506273401404522,0.017018217446091298,0.011388803832048976,0.0010019231196141246,-0.0012866808698344214,0.01768545297657883,0.004195167352414628,-0.00521299954126864,-0.0017934750599404301,0.011145519683724082,0.0055103191872876815,-0.0010571858252834932,-0.0012982495630389315,-0.00022425958052391934,-0.0007324817424975549,0.016304562872929362,0.01114788777893936,-0.0011765671101211976,-0.0208556277418331,-0.02026670012709325,-0.020084852760864257,-1.3367960576026145e-05,0.00019435985500857708,-0.001727360582502588,-8.024468340264212e-05,-0.0009415001737466583,-0.0005107932755420488,-0.000429065454414575,-0.0005137549479994705,-0.0017266988876334021,0.0005136199403340975,-0.00034377981983389934,-0.007755435626753265,-0.022756044416636163,-0.0009205229266208469,-0.00298013290556232,-0.0007207279541795133,-0.0019206438735042705,-0.0016982266439894203,-0.0018948931235052962,-0.0016733888384143243,0.04164156801401112,0.0415065312416033,0.030401576596608124,0.039026901190314066,0.04259276115209029,0.02624968782473943,2.7545833231022893e-05,0.00016364436689955109,-2.5747300395070336e-05,-0.00019422577876935984
smoothness=very_bad,-0.0075220977708206965,-0.01167142954188571,-0.009774110777315752,-0.007960136530665513,-0.00903928696327267,-0.007255628146543845,-0.009252246007994189,-0.009635077258416629,-0.006441827495758651,-0.00956438943378685,-0.017855224857704393,-0.008035311152453725,-0.0011741637876200605,0.010328193159899303,0.0064213293929974114,-7.862721010321458e-05,-0.0012226759454229926,0.009825833473729806,-0.02745649292830359,0.006787330938084331,-0.0018257520015124388,0.009764243216892893,-0.004741359430274461,-0.0011299835832478346,-0.0009593867643958251,-0.0010826388392384044,-0.013525269250909445,-0.004701823713690527,-0.08081443521120779,-0.001924758782986355,-0.013946516481877416,-0.014602635834197403,-0.013710778422412521,-0.004021205928748942,-0.0027725876624845277,-0.005066821243057204,-0.0015437751191334547,0.00157689128643514,0.00387301383514616,0.004266453130642879,4.1384748015974826e-05,0.002137403238597721,0.0006276184382367146,-1.584495389916003e-05,-0.0034195911071573637,-0.013445439790335571,-0.000778671960259056,-0.0009247482983477193,3.23654926885031e-05,-0.001521743824750088,-3.5210199984495635e-05,-0.0006414668017209265,-0.0007431957321041509,0.026441277831218187,0.026124306905659644,0.05014643836128667,0.025897914748091458,0.02624968782473944,0.15367344554519732,-0.00011406641804985714,0.0008865255619731091,-4.231269548301144e-05,-0.00015764267837822815
road_segment_length_m,-0.0004121185864773908,-0.00117738308369593,-0.0006064694764555094,-0.0010606833318499566,-0.00023349870374801847,-0.0004611774918106233,-0.001094431444686469,5.695500789874283e-05,-9.633804199236409e-05,-0.00036417081280692683,-0.0007015512310120835,-0.0002530925068476171,8.719896097551622e-05,0.0003363539197016485,0.0008078303409043262,3.944427640512836e-05,0.0013823594968023006,-0.00013627318415704014,0.0004514355871107935,3.1634755888461025e-05,0.0012558392015448276,-7.08285393163911e-05,0.00012755586777732627,-2.3487927133461913e-05,-0.00044569914203541325,3.504295435711363e-05,0.000275982879366395,8.226967740409145e-05,0.0003580415041319815,-0.00044775661367956187,0.0005398359366129525,-0.0003367930651761865,0.0007728746543248367,0.0007327442741810061,0.0005352433899854148,0.0012410754406436439,0.0012107526261732043,-0.0001021732455159617,6.281002034763336e-05,0.00018600332096818843,-0.00011248397270210673,0.00025962600922786744,-4.772809064799814e-05,0.0004862602552235,-0.0008581321948768915,-0.0009641270176426178,0.00016089510563988306,0.00018805453799191293,-7.948231156059623e-05,0.00010948687768808046,9.495195567627605e-06,-0.00029752159806762464,-7.801772238091798e-05,-3.570772716772536e-05,8.922817276422792e-07,0.0010416219913487906,0.00018769496777098235,2.7545833231039942e-05,-0.00011406641804985054,0.001065998981694421,-4.306812945969769e-05,7.425329094062434e-05,-5.892727879598979e-05
maxspeed,0.0013491297100929603,-0.009513670287441805,-0.0037472882668970068,0.0018353578056137679,-0.002478446590223647,0.0010116167786511376,-0.002695779058349991,-0.002857702730950099,0.0011679041507103415,-0.0021151243926286556,0.0006928151177364715,-2.5804546821568866e-05,0.00041368789317337037,0.0005060762383909956,0.0016950749100440327,-0.0002668339094791367,0.00073175572814218,-0.00022670049319152723,-0.00011790623852003088,0.0008859533254948082,6.940106180912693e-05,0.003282489227847483,6.25837854253125e-05,-2.9579752082067612e-05,0.0008775093766488323,0.0005568274538488205,-0.0003672143274398841,0.0003090268171503421,-0.000568938255202513,0.0004812054469921473,-0.0015981509741038328,-0.0024753311759458017,-0.0015527902909512536,0.000323043279150379,0.0005770070948304,0.00019964604312366893,-0.0008858190020825664,6.537931187221374e-05,0.00024083549041211953,0.001166244623771337,-0.0003579701986446958,0.00019266862820613916,0.0006219931208948985,-0.00012029392050866211,0.001207323551068918,0.0005806191366823659,0.00014347659165858063,0.0002365410543229587,0.00048579824521379443,0.0013603552200718715,0.002006371163650682,0.0006194375623535127,-6.627806537184076e-05,-0.0001195470275542178,-0.00021972189532090946,0.0017822816662322793,-0.0001235486616457019,0.0001636443668994939,0.0008865255619730756,-4.306812945969865e-05,0.0029459031812131727,-6.665456670051585e-06,5.899519531791682e-05
lanes,0.00015810076037886772,-0.0020438366040938724,0.00032486362795020133,-0.0004111671177597,0.0002080251275923653,0.00024045499290046776,-0.0002654267374471073,0.0029262811525450605,0.00023257698441284545,0.0001250050883138816,-0.00043532733680998154,0.0005490209990585229,5.261649381899518e-05,-0.00011597568288576423,-0.00025394409912836365,-0.00013752498672944498,-0.00034780529215928274,-7.989426761675272e-05,0.0002516946090664768,0.0005747300584250946,0.0021191082399882226,-1.9505281450626972e-05,3.224349261041754e-05,-2.9993595256652006e-05,-0.00012352159801722984,2.3934965952763335e-05,0.0002060879847745189,-1.796160542508802e-05,6.0944340501320876e-05,-4.188970262169851e-05,0.000502307477144803,0.000838684436470293,0.0004509861378450229,-0.000301070682022119,-0.00016470097017610795,-0.00026227490847816813,-4.872814091796138e-05,-0.00017650846688019707,-6.621905293303409e-05,-0.00021861241397299374,0.0001268016316849837,-3.7533010704071616e-05,6.271302916411986e-05,0.00011839856811630876,0.00026969605717497075,4.7114983631160846e-05,-0.0004571929972559008,-0.0005108376310113977,-0.00045681681176787614,-0.00033988408370792865,-0.0005806720089933121,-0.0005459182554330808,-0.0005371900968499943,0.00012143043484165226,-9.997069955084108e-07,4.882029040562701e-05,-3.790762488217402e-05,-2.5747300395062516e-05,-4.231269548300788e-05,7.425329094062448e-05,-6.665456670049634e-06,0.0009569187166019186,7.530678933843328e-06
width,-7.907281579593754e-05,0.0005592132129602486,0.0003701560172373194,0.0001865917111979503,0.00037116477655938423,0.0002645003302551431,0.0004733814188599572,-0.0003787707806122567,0.0003086113365451198,0.00012499727463695267,0.0004553886468308951,0.0001640785014422715,0.0013213365804324432,9.882932041515613e-05,-0.00026369833262374987,-0.00016115532166040877,-0.00030864428646472814,-0.00040132314380302025,0.0002858244606297699,0.00027820922000721017,-0.00026183930668985443,-0.000297825571270858,-0.0002992153479378239,2.2948125898841907e-05,1.2742233010594813e-05,0.00012283444405981322,0.0007389713520275639,2.481765057354129e-05,-0.00030570188277445067,0.0012908269890052279,-0.0005808906627700523,-0.0005460366892497072,-0.0007466249627829629,0.000509849994379069,0.0007496797977678084,0.0002910981783984192,0.0004571324065676493,-0.00019510942158180387,-0.00010004027464104843,-0.0001964920075640957,0.0001433730972604944,2.7886093815864067e-05,-6.313739913963075e-05,-0.00010664511198774138,-3.7142358209457916e-05,-0.0008267166204078936,-0.00012293533789383115,9.210486019973087e-07,0.00023886443493807333,-0.00010797879876093846,0.00022779722160723513,2.261736333930922e-05,-6.09911395894574e-05,-0.0001766181834075947,-0.00019583005712545495,-0.0015419808340305435,-0.00010906129681932632,-0.00019422577876938908,-0.00015764267837824252,-5.892727879598995e-05,5.899519531791589e-05,7.530678933843095e-06,0.00072430071439193
